{"cameraMode":{"drawMode":0,"name":"Shaded","section":"Shading Mode"},"sceneLighting":false,"audioPlay":false,"sceneViewState":{"m_AlwaysRefresh":false,"showFog":true,"showSkybox":false,"showFlares":true,"showImageEffects":true,"showParticleSystems":true,"showVisualEffectGraphs":true,"m_FxEnabled":true},"in2DMode":false,"pivot":{"x":0.6171067357063294,"y":-0.18391485512256623,"z":-0.1591542810201645},"rotation":{"x":-0.06855672597885132,"y":-0.7615243196487427,"z":0.0816420391201973,"w":-0.6393296122550964},"size":0.8660253882408142,"orthographic":false}