{"cameraMode":{"drawMode":0,"name":"Shaded","section":"Shading Mode"},"sceneLighting":false,"audioPlay":false,"sceneViewState":{"m_AlwaysRefresh":false,"showFog":true,"showSkybox":false,"showFlares":true,"showImageEffects":true,"showParticleSystems":true,"showVisualEffectGraphs":true,"m_FxEnabled":true},"in2DMode":false,"pivot":{"x":1.130237340927124,"y":7.17453670501709,"z":3.1892688274383547},"rotation":{"x":0.33118218183517458,"y":-0.036777377128601077,"z":0.012967309914529324,"w":0.942801833152771},"size":0.20711079239845277,"orthographic":false}